-- MySQL dump 10.13  Distrib 8.0.31, for Win64 (x86_64)
--
-- Host: localhost    Database: asistencia_bd
-- ------------------------------------------------------
-- Server version	8.0.31

/*!40101 SET @OLD_CHARACTER_SET_CLIENT=@@CHARACTER_SET_CLIENT */;
/*!40101 SET @OLD_CHARACTER_SET_RESULTS=@@CHARACTER_SET_RESULTS */;
/*!40101 SET @OLD_COLLATION_CONNECTION=@@COLLATION_CONNECTION */;
/*!50503 SET NAMES utf8 */;
/*!40103 SET @OLD_TIME_ZONE=@@TIME_ZONE */;
/*!40103 SET TIME_ZONE='+00:00' */;
/*!40014 SET @OLD_UNIQUE_CHECKS=@@UNIQUE_CHECKS, UNIQUE_CHECKS=0 */;
/*!40014 SET @OLD_FOREIGN_KEY_CHECKS=@@FOREIGN_KEY_CHECKS, FOREIGN_KEY_CHECKS=0 */;
/*!40101 SET @OLD_SQL_MODE=@@SQL_MODE, SQL_MODE='NO_AUTO_VALUE_ON_ZERO' */;
/*!40111 SET @OLD_SQL_NOTES=@@SQL_NOTES, SQL_NOTES=0 */;

--
-- Table structure for table `alumno`
--

DROP TABLE IF EXISTS `alumno`;
/*!40101 SET @saved_cs_client     = @@character_set_client */;
/*!50503 SET character_set_client = utf8mb4 */;
CREATE TABLE `alumno` (
  `idAlumno` int NOT NULL AUTO_INCREMENT,
  `idPersona` int DEFAULT NULL,
  `idGrupo` int DEFAULT NULL,
  PRIMARY KEY (`idAlumno`),
  KEY `idPersona` (`idPersona`),
  KEY `fk_idgrupo` (`idGrupo`),
  CONSTRAINT `alumno_ibfk_1` FOREIGN KEY (`idPersona`) REFERENCES `persona` (`idPersona`),
  CONSTRAINT `fk_idgrupo` FOREIGN KEY (`idGrupo`) REFERENCES `grupo` (`idGrupo`)
) ENGINE=InnoDB AUTO_INCREMENT=41 DEFAULT CHARSET=utf8mb4 COLLATE=utf8mb4_0900_ai_ci;
/*!40101 SET character_set_client = @saved_cs_client */;

--
-- Dumping data for table `alumno`
--

LOCK TABLES `alumno` WRITE;
/*!40000 ALTER TABLE `alumno` DISABLE KEYS */;
INSERT INTO `alumno` VALUES (1,1,1),(2,2,1),(3,3,1),(4,4,1),(5,5,1),(6,6,1),(7,7,1),(8,8,1),(9,9,1),(10,10,1),(11,11,2),(12,12,2),(13,13,2),(14,14,2),(15,15,2),(16,16,2),(17,17,2),(18,18,2),(19,19,2),(20,20,2),(21,21,3),(22,22,3),(23,23,3),(24,24,3),(25,25,3),(26,26,3),(27,27,3),(28,28,3),(29,29,3),(30,30,3),(31,31,4),(32,32,4),(33,33,4),(34,34,4),(35,35,4),(36,36,4),(37,37,4),(38,38,4),(39,39,4),(40,96,4);
/*!40000 ALTER TABLE `alumno` ENABLE KEYS */;
UNLOCK TABLES;

--
-- Table structure for table `asistencia`
--

DROP TABLE IF EXISTS `asistencia`;
/*!40101 SET @saved_cs_client     = @@character_set_client */;
/*!50503 SET character_set_client = utf8mb4 */;
CREATE TABLE `asistencia` (
  `idAsistencia` int NOT NULL AUTO_INCREMENT,
  `idAlumno` int DEFAULT NULL,
  `idHorario` int DEFAULT NULL,
  `fecha` date DEFAULT NULL,
  `estatus` varchar(20) DEFAULT NULL,
  PRIMARY KEY (`idAsistencia`),
  KEY `idAlumno` (`idAlumno`),
  KEY `idHorario` (`idHorario`),
  CONSTRAINT `asistencia_ibfk_1` FOREIGN KEY (`idAlumno`) REFERENCES `alumno` (`idAlumno`),
  CONSTRAINT `asistencia_ibfk_2` FOREIGN KEY (`idHorario`) REFERENCES `horario` (`idHorario`)
) ENGINE=InnoDB AUTO_INCREMENT=1002 DEFAULT CHARSET=utf8mb4 COLLATE=utf8mb4_0900_ai_ci;
/*!40101 SET character_set_client = @saved_cs_client */;

--
-- Dumping data for table `asistencia`
--

LOCK TABLES `asistencia` WRITE;
/*!40000 ALTER TABLE `asistencia` DISABLE KEYS */;
INSERT INTO `asistencia` VALUES (1,1,1,'2023-09-05','J'),(2,1,1,'2023-09-05','J'),(3,1,1,'2023-09-05','J'),(4,1,2,'2023-09-05','A'),(5,1,2,'2023-09-05','A'),(6,1,3,'2023-09-06','A'),(7,1,3,'2023-09-06','A'),(8,1,4,'2023-09-06','A'),(9,1,4,'2023-09-06','A'),(10,1,4,'2023-09-06','A'),(11,1,5,'2023-09-07','A'),(12,1,6,'2023-09-07','A'),(13,1,6,'2023-09-07','A'),(14,1,6,'2023-09-07','A'),(15,1,7,'2023-09-07','A'),(16,1,8,'2023-09-08','A'),(17,1,8,'2023-09-08','A'),(18,1,8,'2023-09-08','A'),(19,1,9,'2023-09-08','A'),(20,1,10,'2023-09-08','A'),(21,1,11,'2023-09-09','A'),(22,1,11,'2023-09-09','A'),(23,1,12,'2023-09-09','A'),(24,1,12,'2023-09-09','A'),(25,1,12,'2023-09-09','A'),(26,2,1,'2023-09-05','A'),(27,3,1,'2023-09-05','A'),(28,4,1,'2023-09-05','A'),(29,5,1,'2023-09-05','A'),(30,6,1,'2023-09-05','A'),(31,7,1,'2023-09-05','A'),(32,8,1,'2023-09-05','A'),(33,9,1,'2023-09-05','A'),(34,10,1,'2023-09-05','A'),(35,2,1,'2023-09-05','A'),(36,3,1,'2023-09-05','A'),(37,4,1,'2023-09-05','A'),(38,5,1,'2023-09-05','A'),(39,6,1,'2023-09-05','A'),(40,7,1,'2023-09-05','A'),(41,8,1,'2023-09-05','A'),(42,9,1,'2023-09-05','A'),(43,10,1,'2023-09-05','A'),(44,2,1,'2023-09-05','A'),(45,3,1,'2023-09-05','A'),(46,4,1,'2023-09-05','A'),(47,5,1,'2023-09-05','A'),(48,6,1,'2023-09-05','A'),(49,7,1,'2023-09-05','A'),(50,8,1,'2023-09-05','A'),(51,9,1,'2023-09-05','A'),(52,10,1,'2023-09-05','A'),(53,2,2,'2023-09-05','A'),(54,3,2,'2023-09-05','A'),(55,4,2,'2023-09-05','A'),(56,5,2,'2023-09-05','A'),(57,6,2,'2023-09-05','A'),(58,7,2,'2023-09-05','A'),(59,8,2,'2023-09-05','A'),(60,9,2,'2023-09-05','A'),(61,10,2,'2023-09-05','A'),(62,2,2,'2023-09-05','A'),(63,3,2,'2023-09-05','A'),(64,4,2,'2023-09-05','A'),(65,5,2,'2023-09-05','A'),(66,6,2,'2023-09-05','A'),(67,7,2,'2023-09-05','A'),(68,8,2,'2023-09-05','A'),(69,9,2,'2023-09-05','A'),(70,10,2,'2023-09-05','A'),(71,2,3,'2023-09-06','A'),(72,3,3,'2023-09-06','A'),(73,4,3,'2023-09-06','A'),(74,5,3,'2023-09-06','A'),(75,6,3,'2023-09-06','A'),(76,7,3,'2023-09-06','A'),(77,8,3,'2023-09-06','A'),(78,9,3,'2023-09-06','A'),(79,10,3,'2023-09-06','A'),(80,2,3,'2023-09-06','A'),(81,3,3,'2023-09-06','A'),(82,4,3,'2023-09-06','A'),(83,5,3,'2023-09-06','A'),(84,6,3,'2023-09-06','A'),(85,7,3,'2023-09-06','A'),(86,8,3,'2023-09-06','A'),(87,9,3,'2023-09-06','A'),(88,10,3,'2023-09-06','A'),(89,2,4,'2023-09-06','A'),(90,3,4,'2023-09-06','A'),(91,4,4,'2023-09-06','A'),(92,5,4,'2023-09-06','A'),(93,6,4,'2023-09-06','A'),(94,7,4,'2023-09-06','A'),(95,8,4,'2023-09-06','A'),(96,9,4,'2023-09-06','A'),(97,10,4,'2023-09-06','A'),(98,2,4,'2023-09-06','A'),(99,3,4,'2023-09-06','A'),(100,4,4,'2023-09-06','A'),(101,5,4,'2023-09-06','A'),(102,6,4,'2023-09-06','A'),(103,7,4,'2023-09-06','A'),(104,8,4,'2023-09-06','A'),(105,9,4,'2023-09-06','A'),(106,10,4,'2023-09-06','A'),(107,2,4,'2023-09-06','A'),(108,3,4,'2023-09-06','A'),(109,4,4,'2023-09-06','A'),(110,5,4,'2023-09-06','A'),(111,6,4,'2023-09-06','A'),(112,7,4,'2023-09-06','A'),(113,8,4,'2023-09-06','A'),(114,9,4,'2023-09-06','A'),(115,10,4,'2023-09-06','A'),(116,2,5,'2023-09-07','A'),(117,3,5,'2023-09-07','A'),(118,4,5,'2023-09-07','A'),(119,5,5,'2023-09-07','A'),(120,6,5,'2023-09-07','A'),(121,7,5,'2023-09-07','A'),(122,8,5,'2023-09-07','A'),(123,9,5,'2023-09-07','A'),(124,10,5,'2023-09-07','A'),(125,2,6,'2023-09-07','A'),(126,3,6,'2023-09-07','A'),(127,4,6,'2023-09-07','A'),(128,5,6,'2023-09-07','A'),(129,6,6,'2023-09-07','A'),(130,7,6,'2023-09-07','A'),(131,8,6,'2023-09-07','A'),(132,9,6,'2023-09-07','A'),(133,10,6,'2023-09-07','A'),(134,2,6,'2023-09-07','A'),(135,3,6,'2023-09-07','A'),(136,4,6,'2023-09-07','A'),(137,5,6,'2023-09-07','A'),(138,6,6,'2023-09-07','A'),(139,7,6,'2023-09-07','A'),(140,8,6,'2023-09-07','A'),(141,9,6,'2023-09-07','A'),(142,10,6,'2023-09-07','A'),(143,2,6,'2023-09-07','A'),(144,3,6,'2023-09-07','A'),(145,4,6,'2023-09-07','A'),(146,5,6,'2023-09-07','A'),(147,6,6,'2023-09-07','A'),(148,7,6,'2023-09-07','A'),(149,8,6,'2023-09-07','A'),(150,9,6,'2023-09-07','A'),(151,10,6,'2023-09-07','A'),(152,2,7,'2023-09-07','A'),(153,3,7,'2023-09-07','A'),(154,4,7,'2023-09-07','A'),(155,5,7,'2023-09-07','A'),(156,6,7,'2023-09-07','A'),(157,7,7,'2023-09-07','A'),(158,8,7,'2023-09-07','A'),(159,9,7,'2023-09-07','A'),(160,10,7,'2023-09-07','A'),(161,2,8,'2023-09-08','A'),(162,3,8,'2023-09-08','A'),(163,4,8,'2023-09-08','A'),(164,5,8,'2023-09-08','A'),(165,6,8,'2023-09-08','A'),(166,7,8,'2023-09-08','A'),(167,8,8,'2023-09-08','A'),(168,9,8,'2023-09-08','A'),(169,10,8,'2023-09-08','A'),(170,2,8,'2023-09-08','A'),(171,3,8,'2023-09-08','A'),(172,4,8,'2023-09-08','A'),(173,5,8,'2023-09-08','A'),(174,6,8,'2023-09-08','A'),(175,7,8,'2023-09-08','A'),(176,8,8,'2023-09-08','A'),(177,9,8,'2023-09-08','A'),(178,10,8,'2023-09-08','A'),(179,2,8,'2023-09-08','A'),(180,3,8,'2023-09-08','A'),(181,4,8,'2023-09-08','A'),(182,5,8,'2023-09-08','A'),(183,6,8,'2023-09-08','A'),(184,7,8,'2023-09-08','A'),(185,8,8,'2023-09-08','A'),(186,9,8,'2023-09-08','A'),(187,10,8,'2023-09-08','A'),(188,2,9,'2023-09-08','A'),(189,3,9,'2023-09-08','A'),(190,4,9,'2023-09-08','A'),(191,5,9,'2023-09-08','A'),(192,6,9,'2023-09-08','A'),(193,7,9,'2023-09-08','A'),(194,8,9,'2023-09-08','A'),(195,9,9,'2023-09-08','A'),(196,10,9,'2023-09-08','A'),(197,2,10,'2023-09-08','A'),(198,3,10,'2023-09-08','A'),(199,4,10,'2023-09-08','A'),(200,5,10,'2023-09-08','A'),(201,6,10,'2023-09-08','A'),(202,7,10,'2023-09-08','A'),(203,8,10,'2023-09-08','A'),(204,9,10,'2023-09-08','A'),(205,10,10,'2023-09-08','A'),(206,2,11,'2023-09-09','A'),(207,3,11,'2023-09-09','A'),(208,4,11,'2023-09-09','A'),(209,5,11,'2023-09-09','A'),(210,6,11,'2023-09-09','A'),(211,7,11,'2023-09-09','A'),(212,8,11,'2023-09-09','A'),(213,9,11,'2023-09-09','A'),(214,10,11,'2023-09-09','A'),(215,2,11,'2023-09-09','A'),(216,3,11,'2023-09-09','A'),(217,4,11,'2023-09-09','A'),(218,5,11,'2023-09-09','A'),(219,6,11,'2023-09-09','A'),(220,7,11,'2023-09-09','A'),(221,8,11,'2023-09-09','A'),(222,9,11,'2023-09-09','A'),(223,10,11,'2023-09-09','A'),(224,2,12,'2023-09-09','A'),(225,3,12,'2023-09-09','A'),(226,4,12,'2023-09-09','A'),(227,5,12,'2023-09-09','A'),(228,6,12,'2023-09-09','A'),(229,7,12,'2023-09-09','A'),(230,8,12,'2023-09-09','A'),(231,9,12,'2023-09-09','A'),(232,10,12,'2023-09-09','A'),(233,2,12,'2023-09-09','A'),(234,3,12,'2023-09-09','A'),(235,4,12,'2023-09-09','A'),(236,5,12,'2023-09-09','A'),(237,6,12,'2023-09-09','A'),(238,7,12,'2023-09-09','A'),(239,8,12,'2023-09-09','A'),(240,9,12,'2023-09-09','A'),(241,10,12,'2023-09-09','A'),(242,2,12,'2023-09-09','A'),(243,3,12,'2023-09-09','A'),(244,4,12,'2023-09-09','A'),(245,5,12,'2023-09-09','A'),(246,6,12,'2023-09-09','A'),(247,7,12,'2023-09-09','A'),(248,8,12,'2023-09-09','A'),(249,9,12,'2023-09-09','A'),(250,10,12,'2023-09-09','A'),(251,21,13,'2023-09-05','A'),(252,22,13,'2023-09-05','A'),(253,23,13,'2023-09-05','A'),(254,24,13,'2023-09-05','A'),(255,25,13,'2023-09-05','A'),(256,26,13,'2023-09-05','A'),(257,27,13,'2023-09-05','A'),(258,28,13,'2023-09-05','A'),(259,29,13,'2023-09-05','A'),(260,30,13,'2023-09-05','A'),(261,21,13,'2023-09-05','A'),(262,22,13,'2023-09-05','A'),(263,23,13,'2023-09-05','A'),(264,24,13,'2023-09-05','A'),(265,25,13,'2023-09-05','A'),(266,26,13,'2023-09-05','A'),(267,27,13,'2023-09-05','A'),(268,28,13,'2023-09-05','A'),(269,29,13,'2023-09-05','A'),(270,30,13,'2023-09-05','A'),(271,21,13,'2023-09-05','A'),(272,22,13,'2023-09-05','A'),(273,23,13,'2023-09-05','A'),(274,24,13,'2023-09-05','A'),(275,25,13,'2023-09-05','A'),(276,26,13,'2023-09-05','A'),(277,27,13,'2023-09-05','A'),(278,28,13,'2023-09-05','A'),(279,29,13,'2023-09-05','A'),(280,30,13,'2023-09-05','A'),(281,21,14,'2023-09-05','A'),(282,22,14,'2023-09-05','A'),(283,23,14,'2023-09-05','A'),(284,24,14,'2023-09-05','A'),(285,25,14,'2023-09-05','A'),(286,26,14,'2023-09-05','A'),(287,27,14,'2023-09-05','A'),(288,28,14,'2023-09-05','A'),(289,29,14,'2023-09-05','A'),(290,30,14,'2023-09-05','A'),(291,21,14,'2023-09-05','A'),(292,22,14,'2023-09-05','A'),(293,23,14,'2023-09-05','A'),(294,24,14,'2023-09-05','A'),(295,25,14,'2023-09-05','A'),(296,26,14,'2023-09-05','A'),(297,27,14,'2023-09-05','A'),(298,28,14,'2023-09-05','A'),(299,29,14,'2023-09-05','A'),(300,30,14,'2023-09-05','A'),(301,21,15,'2023-09-06','A'),(302,22,15,'2023-09-06','A'),(303,23,15,'2023-09-06','A'),(304,24,15,'2023-09-06','A'),(305,25,15,'2023-09-06','A'),(306,26,15,'2023-09-06','A'),(307,27,15,'2023-09-06','A'),(308,28,15,'2023-09-06','A'),(309,29,15,'2023-09-06','A'),(310,30,15,'2023-09-06','A'),(311,21,15,'2023-09-06','A'),(312,22,15,'2023-09-06','A'),(313,23,15,'2023-09-06','A'),(314,24,15,'2023-09-06','A'),(315,25,15,'2023-09-06','A'),(316,26,15,'2023-09-06','A'),(317,27,15,'2023-09-06','A'),(318,28,15,'2023-09-06','A'),(319,29,15,'2023-09-06','A'),(320,30,15,'2023-09-06','A'),(321,21,16,'2023-09-06','A'),(322,22,16,'2023-09-06','A'),(323,23,16,'2023-09-06','A'),(324,24,16,'2023-09-06','A'),(325,25,16,'2023-09-06','A'),(326,26,16,'2023-09-06','A'),(327,27,16,'2023-09-06','A'),(328,28,16,'2023-09-06','A'),(329,29,16,'2023-09-06','A'),(330,30,16,'2023-09-06','A'),(331,21,16,'2023-09-06','A'),(332,22,16,'2023-09-06','A'),(333,23,16,'2023-09-06','A'),(334,24,16,'2023-09-06','A'),(335,25,16,'2023-09-06','A'),(336,26,16,'2023-09-06','A'),(337,27,16,'2023-09-06','A'),(338,28,16,'2023-09-06','A'),(339,29,16,'2023-09-06','A'),(340,30,16,'2023-09-06','A'),(341,21,16,'2023-09-06','A'),(342,22,16,'2023-09-06','A'),(343,23,16,'2023-09-06','A'),(344,24,16,'2023-09-06','A'),(345,25,16,'2023-09-06','A'),(346,26,16,'2023-09-06','A'),(347,27,16,'2023-09-06','A'),(348,28,16,'2023-09-06','A'),(349,29,16,'2023-09-06','A'),(350,30,16,'2023-09-06','A'),(351,21,17,'2023-09-07','A'),(352,22,17,'2023-09-07','A'),(353,23,17,'2023-09-07','A'),(354,24,17,'2023-09-07','A'),(355,25,17,'2023-09-07','A'),(356,26,17,'2023-09-07','A'),(357,27,17,'2023-09-07','A'),(358,28,17,'2023-09-07','A'),(359,29,17,'2023-09-07','A'),(360,30,17,'2023-09-07','A'),(361,21,18,'2023-09-07','A'),(362,22,18,'2023-09-07','A'),(363,23,18,'2023-09-07','A'),(364,24,18,'2023-09-07','A'),(365,25,18,'2023-09-07','A'),(366,26,18,'2023-09-07','A'),(367,27,18,'2023-09-07','A'),(368,28,18,'2023-09-07','A'),(369,29,18,'2023-09-07','A'),(370,30,18,'2023-09-07','A'),(371,21,18,'2023-09-07','A'),(372,22,18,'2023-09-07','A'),(373,23,18,'2023-09-07','A'),(374,24,18,'2023-09-07','A'),(375,25,18,'2023-09-07','A'),(376,26,18,'2023-09-07','A'),(377,27,18,'2023-09-07','A'),(378,28,18,'2023-09-07','A'),(379,29,18,'2023-09-07','A'),(380,30,18,'2023-09-07','A'),(381,21,18,'2023-09-07','A'),(382,22,18,'2023-09-07','A'),(383,23,18,'2023-09-07','A'),(384,24,18,'2023-09-07','A'),(385,25,18,'2023-09-07','A'),(386,26,18,'2023-09-07','A'),(387,27,18,'2023-09-07','A'),(388,28,18,'2023-09-07','A'),(389,29,18,'2023-09-07','A'),(390,30,18,'2023-09-07','A'),(391,21,19,'2023-09-07','A'),(392,22,19,'2023-09-07','A'),(393,23,19,'2023-09-07','A'),(394,24,19,'2023-09-07','A'),(395,25,19,'2023-09-07','A'),(396,26,19,'2023-09-07','A'),(397,27,19,'2023-09-07','A'),(398,28,19,'2023-09-07','A'),(399,29,19,'2023-09-07','A'),(400,30,19,'2023-09-07','A'),(401,21,20,'2023-09-08','A'),(402,22,20,'2023-09-08','A'),(403,23,20,'2023-09-08','A'),(404,24,20,'2023-09-08','A'),(405,25,20,'2023-09-08','A'),(406,26,20,'2023-09-08','A'),(407,27,20,'2023-09-08','A'),(408,28,20,'2023-09-08','A'),(409,29,20,'2023-09-08','A'),(410,30,20,'2023-09-08','A'),(411,21,20,'2023-09-08','A'),(412,22,20,'2023-09-08','A'),(413,23,20,'2023-09-08','A'),(414,24,20,'2023-09-08','A'),(415,25,20,'2023-09-08','A'),(416,26,20,'2023-09-08','A'),(417,27,20,'2023-09-08','A'),(418,28,20,'2023-09-08','A'),(419,29,20,'2023-09-08','A'),(420,30,20,'2023-09-08','A'),(421,21,20,'2023-09-08','A'),(422,22,20,'2023-09-08','A'),(423,23,20,'2023-09-08','A'),(424,24,20,'2023-09-08','A'),(425,25,20,'2023-09-08','A'),(426,26,20,'2023-09-08','A'),(427,27,20,'2023-09-08','A'),(428,28,20,'2023-09-08','A'),(429,29,20,'2023-09-08','A'),(430,30,20,'2023-09-08','A'),(431,21,21,'2023-09-08','A'),(432,22,21,'2023-09-08','A'),(433,23,21,'2023-09-08','A'),(434,24,21,'2023-09-08','A'),(435,25,21,'2023-09-08','A'),(436,26,21,'2023-09-08','A'),(437,27,21,'2023-09-08','A'),(438,28,21,'2023-09-08','A'),(439,29,21,'2023-09-08','A'),(440,30,21,'2023-09-08','A'),(441,21,22,'2023-09-08','A'),(442,22,22,'2023-09-08','A'),(443,23,22,'2023-09-08','A'),(444,24,22,'2023-09-08','A'),(445,25,22,'2023-09-08','A'),(446,26,22,'2023-09-08','A'),(447,27,22,'2023-09-08','A'),(448,28,22,'2023-09-08','A'),(449,29,22,'2023-09-08','A'),(450,30,22,'2023-09-08','A'),(451,21,23,'2023-09-09','A'),(452,22,23,'2023-09-09','A'),(453,23,23,'2023-09-09','A'),(454,24,23,'2023-09-09','A'),(455,25,23,'2023-09-09','A'),(456,26,23,'2023-09-09','A'),(457,27,23,'2023-09-09','A'),(458,28,23,'2023-09-09','A'),(459,29,23,'2023-09-09','A'),(460,30,23,'2023-09-09','A'),(461,21,23,'2023-09-09','A'),(462,22,23,'2023-09-09','A'),(463,23,23,'2023-09-09','A'),(464,24,23,'2023-09-09','A'),(465,25,23,'2023-09-09','A'),(466,26,23,'2023-09-09','A'),(467,27,23,'2023-09-09','A'),(468,28,23,'2023-09-09','A'),(469,29,23,'2023-09-09','A'),(470,30,23,'2023-09-09','A'),(471,21,24,'2023-09-09','A'),(472,22,24,'2023-09-09','A'),(473,23,24,'2023-09-09','A'),(474,24,24,'2023-09-09','A'),(475,25,24,'2023-09-09','A'),(476,26,24,'2023-09-09','A'),(477,27,24,'2023-09-09','A'),(478,28,24,'2023-09-09','A'),(479,29,24,'2023-09-09','A'),(480,30,24,'2023-09-09','A'),(481,21,24,'2023-09-09','A'),(482,22,24,'2023-09-09','A'),(483,23,24,'2023-09-09','A'),(484,24,24,'2023-09-09','A'),(485,25,24,'2023-09-09','A'),(486,26,24,'2023-09-09','A'),(487,27,24,'2023-09-09','A'),(488,28,24,'2023-09-09','A'),(489,29,24,'2023-09-09','A'),(490,30,24,'2023-09-09','A'),(491,21,24,'2023-09-09','A'),(492,22,24,'2023-09-09','A'),(493,23,24,'2023-09-09','A'),(494,24,24,'2023-09-09','A'),(495,25,24,'2023-09-09','A'),(496,26,24,'2023-09-09','A'),(497,27,24,'2023-09-09','A'),(498,28,24,'2023-09-09','A'),(499,29,24,'2023-09-09','A'),(500,30,24,'2023-09-09','A'),(501,11,25,'2023-09-05','A'),(502,12,25,'2023-09-05','A'),(503,13,25,'2023-09-05','A'),(504,14,25,'2023-09-05','A'),(505,15,25,'2023-09-05','A'),(506,16,25,'2023-09-05','A'),(507,17,25,'2023-09-05','A'),(508,18,25,'2023-09-05','A'),(509,19,25,'2023-09-05','A'),(510,20,25,'2023-09-05','A'),(511,11,26,'2023-09-05','A'),(512,12,26,'2023-09-05','A'),(513,13,26,'2023-09-05','A'),(514,14,26,'2023-09-05','A'),(515,15,26,'2023-09-05','A'),(516,16,26,'2023-09-05','A'),(517,17,26,'2023-09-05','A'),(518,18,26,'2023-09-05','A'),(519,19,26,'2023-09-05','A'),(520,20,26,'2023-09-05','A'),(521,11,26,'2023-09-05','A'),(522,12,26,'2023-09-05','A'),(523,13,26,'2023-09-05','A'),(524,14,26,'2023-09-05','A'),(525,15,26,'2023-09-05','A'),(526,16,26,'2023-09-05','A'),(527,17,26,'2023-09-05','A'),(528,18,26,'2023-09-05','A'),(529,19,26,'2023-09-05','A'),(530,20,26,'2023-09-05','A'),(531,11,27,'2023-09-05','A'),(532,12,27,'2023-09-05','A'),(533,13,27,'2023-09-05','A'),(534,14,27,'2023-09-05','A'),(535,15,27,'2023-09-05','A'),(536,16,27,'2023-09-05','A'),(537,17,27,'2023-09-05','A'),(538,18,27,'2023-09-05','A'),(539,19,27,'2023-09-05','A'),(540,20,27,'2023-09-05','A'),(541,11,27,'2023-09-05','A'),(542,12,27,'2023-09-05','A'),(543,13,27,'2023-09-05','A'),(544,14,27,'2023-09-05','A'),(545,15,27,'2023-09-05','A'),(546,16,27,'2023-09-05','A'),(547,17,27,'2023-09-05','A'),(548,18,27,'2023-09-05','A'),(549,19,27,'2023-09-05','A'),(550,20,27,'2023-09-05','A'),(551,11,28,'2023-09-06','A'),(552,12,28,'2023-09-06','A'),(553,13,28,'2023-09-06','A'),(554,14,28,'2023-09-06','A'),(555,15,28,'2023-09-06','A'),(556,16,28,'2023-09-06','A'),(557,17,28,'2023-09-06','A'),(558,18,28,'2023-09-06','A'),(559,19,28,'2023-09-06','A'),(560,20,28,'2023-09-06','A'),(561,11,28,'2023-09-06','A'),(562,12,28,'2023-09-06','A'),(563,13,28,'2023-09-06','A'),(564,14,28,'2023-09-06','A'),(565,15,28,'2023-09-06','A'),(566,16,28,'2023-09-06','A'),(567,17,28,'2023-09-06','A'),(568,18,28,'2023-09-06','A'),(569,19,28,'2023-09-06','A'),(570,20,28,'2023-09-06','A'),(571,11,29,'2023-09-06','A'),(572,12,29,'2023-09-06','A'),(573,13,29,'2023-09-06','A'),(574,14,29,'2023-09-06','A'),(575,15,29,'2023-09-06','A'),(576,16,29,'2023-09-06','A'),(577,17,29,'2023-09-06','A'),(578,18,29,'2023-09-06','A'),(579,19,29,'2023-09-06','A'),(580,20,29,'2023-09-06','A'),(581,11,29,'2023-09-06','A'),(582,12,29,'2023-09-06','A'),(583,13,29,'2023-09-06','A'),(584,14,29,'2023-09-06','A'),(585,15,29,'2023-09-06','A'),(586,16,29,'2023-09-06','A'),(587,17,29,'2023-09-06','A'),(588,18,29,'2023-09-06','A'),(589,19,29,'2023-09-06','A'),(590,20,29,'2023-09-06','A'),(591,11,29,'2023-09-06','A'),(592,12,29,'2023-09-06','A'),(593,13,29,'2023-09-06','A'),(594,14,29,'2023-09-06','A'),(595,15,29,'2023-09-06','A'),(596,16,29,'2023-09-06','A'),(597,17,29,'2023-09-06','A'),(598,18,29,'2023-09-06','A'),(599,19,29,'2023-09-06','A'),(600,20,29,'2023-09-06','A'),(601,11,30,'2023-09-07','A'),(602,12,30,'2023-09-07','A'),(603,13,30,'2023-09-07','A'),(604,14,30,'2023-09-07','A'),(605,15,30,'2023-09-07','A'),(606,16,30,'2023-09-07','A'),(607,17,30,'2023-09-07','A'),(608,18,30,'2023-09-07','A'),(609,19,30,'2023-09-07','A'),(610,20,30,'2023-09-07','A'),(611,11,31,'2023-09-07','A'),(612,12,31,'2023-09-07','A'),(613,13,31,'2023-09-07','A'),(614,14,31,'2023-09-07','A'),(615,15,31,'2023-09-07','A'),(616,16,31,'2023-09-07','A'),(617,17,31,'2023-09-07','A'),(618,18,31,'2023-09-07','A'),(619,19,31,'2023-09-07','A'),(620,20,31,'2023-09-07','A'),(621,11,31,'2023-09-07','A'),(622,12,31,'2023-09-07','A'),(623,13,31,'2023-09-07','A'),(624,14,31,'2023-09-07','A'),(625,15,31,'2023-09-07','A'),(626,16,31,'2023-09-07','A'),(627,17,31,'2023-09-07','A'),(628,18,31,'2023-09-07','A'),(629,19,31,'2023-09-07','A'),(630,20,31,'2023-09-07','A'),(631,11,31,'2023-09-07','A'),(632,12,31,'2023-09-07','A'),(633,13,31,'2023-09-07','A'),(634,14,31,'2023-09-07','A'),(635,15,31,'2023-09-07','A'),(636,16,31,'2023-09-07','A'),(637,17,31,'2023-09-07','A'),(638,18,31,'2023-09-07','A'),(639,19,31,'2023-09-07','A'),(640,20,31,'2023-09-07','A'),(641,11,32,'2023-09-07','A'),(642,12,32,'2023-09-07','A'),(643,13,32,'2023-09-07','A'),(644,14,32,'2023-09-07','A'),(645,15,32,'2023-09-07','A'),(646,16,32,'2023-09-07','A'),(647,17,32,'2023-09-07','A'),(648,18,32,'2023-09-07','A'),(649,19,32,'2023-09-07','A'),(650,20,32,'2023-09-07','A'),(651,11,33,'2023-09-08','A'),(652,12,33,'2023-09-08','A'),(653,13,33,'2023-09-08','A'),(654,14,33,'2023-09-08','A'),(655,15,33,'2023-09-08','A'),(656,16,33,'2023-09-08','A'),(657,17,33,'2023-09-08','A'),(658,18,33,'2023-09-08','A'),(659,19,33,'2023-09-08','A'),(660,20,33,'2023-09-08','A'),(661,11,33,'2023-09-08','A'),(662,12,33,'2023-09-08','A'),(663,13,33,'2023-09-08','A'),(664,14,33,'2023-09-08','A'),(665,15,33,'2023-09-08','A'),(666,16,33,'2023-09-08','A'),(667,17,33,'2023-09-08','A'),(668,18,33,'2023-09-08','A'),(669,19,33,'2023-09-08','A'),(670,20,33,'2023-09-08','A'),(671,11,34,'2023-09-08','A'),(672,12,34,'2023-09-08','A'),(673,13,34,'2023-09-08','A'),(674,14,34,'2023-09-08','A'),(675,15,34,'2023-09-08','A'),(676,16,34,'2023-09-08','A'),(677,17,34,'2023-09-08','A'),(678,18,34,'2023-09-08','A'),(679,19,34,'2023-09-08','A'),(680,20,34,'2023-09-08','A'),(681,11,34,'2023-09-08','A'),(682,12,34,'2023-09-08','A'),(683,13,34,'2023-09-08','A'),(684,14,34,'2023-09-08','A'),(685,15,34,'2023-09-08','A'),(686,16,34,'2023-09-08','A'),(687,17,34,'2023-09-08','A'),(688,18,34,'2023-09-08','A'),(689,19,34,'2023-09-08','A'),(690,20,34,'2023-09-08','A'),(691,11,34,'2023-09-08','A'),(692,12,34,'2023-09-08','A'),(693,13,34,'2023-09-08','A'),(694,14,34,'2023-09-08','A'),(695,15,34,'2023-09-08','A'),(696,16,34,'2023-09-08','A'),(697,17,34,'2023-09-08','A'),(698,18,34,'2023-09-08','A'),(699,19,34,'2023-09-08','A'),(700,20,34,'2023-09-08','A'),(701,11,35,'2023-09-09','A'),(702,12,35,'2023-09-09','A'),(703,13,35,'2023-09-09','A'),(704,14,35,'2023-09-09','A'),(705,15,35,'2023-09-09','A'),(706,16,35,'2023-09-09','A'),(707,17,35,'2023-09-09','A'),(708,18,35,'2023-09-09','A'),(709,19,35,'2023-09-09','A'),(710,20,35,'2023-09-09','A'),(711,11,35,'2023-09-09','A'),(712,12,35,'2023-09-09','A'),(713,13,35,'2023-09-09','A'),(714,14,35,'2023-09-09','A'),(715,15,35,'2023-09-09','A'),(716,16,35,'2023-09-09','A'),(717,17,35,'2023-09-09','A'),(718,18,35,'2023-09-09','A'),(719,19,35,'2023-09-09','A'),(720,20,35,'2023-09-09','A'),(721,11,35,'2023-09-09','A'),(722,12,35,'2023-09-09','A'),(723,13,35,'2023-09-09','A'),(724,14,35,'2023-09-09','A'),(725,15,35,'2023-09-09','A'),(726,16,35,'2023-09-09','A'),(727,17,35,'2023-09-09','A'),(728,18,35,'2023-09-09','A'),(729,19,35,'2023-09-09','A'),(730,20,35,'2023-09-09','A'),(731,11,36,'2023-09-09','A'),(732,12,36,'2023-09-09','A'),(733,13,36,'2023-09-09','A'),(734,14,36,'2023-09-09','A'),(735,15,36,'2023-09-09','A'),(736,16,36,'2023-09-09','A'),(737,17,36,'2023-09-09','A'),(738,18,36,'2023-09-09','A'),(739,19,36,'2023-09-09','A'),(740,20,36,'2023-09-09','A'),(741,11,36,'2023-09-09','A'),(742,12,36,'2023-09-09','A'),(743,13,36,'2023-09-09','A'),(744,14,36,'2023-09-09','A'),(745,15,36,'2023-09-09','A'),(746,16,36,'2023-09-09','A'),(747,17,36,'2023-09-09','A'),(748,18,36,'2023-09-09','A'),(749,19,36,'2023-09-09','A'),(750,20,36,'2023-09-09','A'),(751,31,37,'2023-09-05','A'),(752,32,37,'2023-09-05','A'),(753,33,37,'2023-09-05','A'),(754,34,37,'2023-09-05','A'),(755,35,37,'2023-09-05','A'),(756,36,37,'2023-09-05','A'),(757,37,37,'2023-09-05','A'),(758,38,37,'2023-09-05','A'),(759,39,37,'2023-09-05','A'),(760,40,37,'2023-09-05','A'),(761,31,38,'2023-09-05','A'),(762,32,38,'2023-09-05','A'),(763,33,38,'2023-09-05','A'),(764,34,38,'2023-09-05','A'),(765,35,38,'2023-09-05','A'),(766,36,38,'2023-09-05','A'),(767,37,38,'2023-09-05','A'),(768,38,38,'2023-09-05','A'),(769,39,38,'2023-09-05','A'),(770,40,38,'2023-09-05','A'),(771,31,38,'2023-09-05','A'),(772,32,38,'2023-09-05','A'),(773,33,38,'2023-09-05','A'),(774,34,38,'2023-09-05','A'),(775,35,38,'2023-09-05','A'),(776,36,38,'2023-09-05','A'),(777,37,38,'2023-09-05','A'),(778,38,38,'2023-09-05','A'),(779,39,38,'2023-09-05','A'),(780,40,38,'2023-09-05','A'),(781,31,39,'2023-09-05','A'),(782,32,39,'2023-09-05','A'),(783,33,39,'2023-09-05','A'),(784,34,39,'2023-09-05','A'),(785,35,39,'2023-09-05','A'),(786,36,39,'2023-09-05','A'),(787,37,39,'2023-09-05','A'),(788,38,39,'2023-09-05','A'),(789,39,39,'2023-09-05','A'),(790,40,39,'2023-09-05','A'),(791,31,39,'2023-09-05','A'),(792,32,39,'2023-09-05','A'),(793,33,39,'2023-09-05','A'),(794,34,39,'2023-09-05','A'),(795,35,39,'2023-09-05','A'),(796,36,39,'2023-09-05','A'),(797,37,39,'2023-09-05','A'),(798,38,39,'2023-09-05','A'),(799,39,39,'2023-09-05','A'),(800,40,39,'2023-09-05','A'),(801,31,40,'2023-09-06','A'),(802,32,40,'2023-09-06','A'),(803,33,40,'2023-09-06','A'),(804,34,40,'2023-09-06','A'),(805,35,40,'2023-09-06','A'),(806,36,40,'2023-09-06','A'),(807,37,40,'2023-09-06','A'),(808,38,40,'2023-09-06','A'),(809,39,40,'2023-09-06','A'),(810,40,40,'2023-09-06','A'),(811,31,40,'2023-09-06','A'),(812,32,40,'2023-09-06','A'),(813,33,40,'2023-09-06','A'),(814,34,40,'2023-09-06','A'),(815,35,40,'2023-09-06','A'),(816,36,40,'2023-09-06','A'),(817,37,40,'2023-09-06','A'),(818,38,40,'2023-09-06','A'),(819,39,40,'2023-09-06','A'),(820,40,40,'2023-09-06','A'),(821,31,41,'2023-09-06','A'),(822,32,41,'2023-09-06','A'),(823,33,41,'2023-09-06','A'),(824,34,41,'2023-09-06','A'),(825,35,41,'2023-09-06','A'),(826,36,41,'2023-09-06','A'),(827,37,41,'2023-09-06','A'),(828,38,41,'2023-09-06','A'),(829,39,41,'2023-09-06','A'),(830,40,41,'2023-09-06','A'),(831,31,41,'2023-09-06','A'),(832,32,41,'2023-09-06','A'),(833,33,41,'2023-09-06','A'),(834,34,41,'2023-09-06','A'),(835,35,41,'2023-09-06','A'),(836,36,41,'2023-09-06','A'),(837,37,41,'2023-09-06','A'),(838,38,41,'2023-09-06','A'),(839,39,41,'2023-09-06','A'),(840,40,41,'2023-09-06','A'),(841,31,41,'2023-09-06','A'),(842,32,41,'2023-09-06','A'),(843,33,41,'2023-09-06','A'),(844,34,41,'2023-09-06','A'),(845,35,41,'2023-09-06','A'),(846,36,41,'2023-09-06','A'),(847,37,41,'2023-09-06','A'),(848,38,41,'2023-09-06','A'),(849,39,41,'2023-09-06','A'),(850,40,41,'2023-09-06','A'),(851,31,42,'2023-09-07','A'),(852,32,42,'2023-09-07','A'),(853,33,42,'2023-09-07','A'),(854,34,42,'2023-09-07','A'),(855,35,42,'2023-09-07','A'),(856,36,42,'2023-09-07','A'),(857,37,42,'2023-09-07','A'),(858,38,42,'2023-09-07','A'),(859,39,42,'2023-09-07','A'),(860,40,42,'2023-09-07','A'),(861,31,43,'2023-09-07','A'),(862,32,43,'2023-09-07','A'),(863,33,43,'2023-09-07','A'),(864,34,43,'2023-09-07','A'),(865,35,43,'2023-09-07','A'),(866,36,43,'2023-09-07','A'),(867,37,43,'2023-09-07','A'),(868,38,43,'2023-09-07','A'),(869,39,43,'2023-09-07','A'),(870,40,43,'2023-09-07','A'),(871,31,43,'2023-09-07','A'),(872,32,43,'2023-09-07','A'),(873,33,43,'2023-09-07','A'),(874,34,43,'2023-09-07','A'),(875,35,43,'2023-09-07','A'),(876,36,43,'2023-09-07','A'),(877,37,43,'2023-09-07','A'),(878,38,43,'2023-09-07','A'),(879,39,43,'2023-09-07','A'),(880,40,43,'2023-09-07','A'),(881,31,43,'2023-09-07','A'),(882,32,43,'2023-09-07','A'),(883,33,43,'2023-09-07','A'),(884,34,43,'2023-09-07','A'),(885,35,43,'2023-09-07','A'),(886,36,43,'2023-09-07','A'),(887,37,43,'2023-09-07','A'),(888,38,43,'2023-09-07','A'),(889,39,43,'2023-09-07','A'),(890,40,43,'2023-09-07','A'),(891,31,44,'2023-09-07','A'),(892,32,44,'2023-09-07','A'),(893,33,44,'2023-09-07','A'),(894,34,44,'2023-09-07','A'),(895,35,44,'2023-09-07','A'),(896,36,44,'2023-09-07','A'),(897,37,44,'2023-09-07','A'),(898,38,44,'2023-09-07','A'),(899,39,44,'2023-09-07','A'),(900,40,44,'2023-09-07','A'),(901,31,45,'2023-09-08','A'),(902,32,45,'2023-09-08','A'),(903,33,45,'2023-09-08','A'),(904,34,45,'2023-09-08','A'),(905,35,45,'2023-09-08','A'),(906,36,45,'2023-09-08','A'),(907,37,45,'2023-09-08','A'),(908,38,45,'2023-09-08','A'),(909,39,45,'2023-09-08','A'),(910,40,45,'2023-09-08','A'),(911,31,45,'2023-09-08','A'),(912,32,45,'2023-09-08','A'),(913,33,45,'2023-09-08','A'),(914,34,45,'2023-09-08','A'),(915,35,45,'2023-09-08','A'),(916,36,45,'2023-09-08','A'),(917,37,45,'2023-09-08','A'),(918,38,45,'2023-09-08','A'),(919,39,45,'2023-09-08','A'),(920,40,45,'2023-09-08','A'),(921,31,46,'2023-09-08','A'),(922,32,46,'2023-09-08','A'),(923,33,46,'2023-09-08','A'),(924,34,46,'2023-09-08','A'),(925,35,46,'2023-09-08','A'),(926,36,46,'2023-09-08','A'),(927,37,46,'2023-09-08','A'),(928,38,46,'2023-09-08','A'),(929,39,46,'2023-09-08','A'),(930,40,46,'2023-09-08','A'),(931,31,46,'2023-09-08','A'),(932,32,46,'2023-09-08','A'),(933,33,46,'2023-09-08','A'),(934,34,46,'2023-09-08','A'),(935,35,46,'2023-09-08','A'),(936,36,46,'2023-09-08','A'),(937,37,46,'2023-09-08','A'),(938,38,46,'2023-09-08','A'),(939,39,46,'2023-09-08','A'),(940,40,46,'2023-09-08','A'),(941,31,46,'2023-09-08','A'),(942,32,46,'2023-09-08','A'),(943,33,46,'2023-09-08','A'),(944,34,46,'2023-09-08','A'),(945,35,46,'2023-09-08','A'),(946,36,46,'2023-09-08','A'),(947,37,46,'2023-09-08','A'),(948,38,46,'2023-09-08','A'),(949,39,46,'2023-09-08','A'),(950,40,46,'2023-09-08','A'),(951,31,47,'2023-09-09','A'),(952,32,47,'2023-09-09','A'),(953,33,47,'2023-09-09','A'),(954,34,47,'2023-09-09','A'),(955,35,47,'2023-09-09','A'),(956,36,47,'2023-09-09','A'),(957,37,47,'2023-09-09','A'),(958,38,47,'2023-09-09','A'),(959,39,47,'2023-09-09','A'),(960,40,47,'2023-09-09','A'),(961,31,47,'2023-09-09','A'),(962,32,47,'2023-09-09','A'),(963,33,47,'2023-09-09','A'),(964,34,47,'2023-09-09','A'),(965,35,47,'2023-09-09','A'),(966,36,47,'2023-09-09','A'),(967,37,47,'2023-09-09','A'),(968,38,47,'2023-09-09','A'),(969,39,47,'2023-09-09','A'),(970,40,47,'2023-09-09','A'),(971,31,47,'2023-09-09','A'),(972,32,47,'2023-09-09','A'),(973,33,47,'2023-09-09','A'),(974,34,47,'2023-09-09','A'),(975,35,47,'2023-09-09','A'),(976,36,47,'2023-09-09','A'),(977,37,47,'2023-09-09','A'),(978,38,47,'2023-09-09','A'),(979,39,47,'2023-09-09','A'),(980,40,47,'2023-09-09','A'),(981,31,48,'2023-09-09','A'),(982,32,48,'2023-09-09','A'),(983,33,48,'2023-09-09','A'),(984,34,48,'2023-09-09','A'),(985,35,48,'2023-09-09','A'),(986,36,48,'2023-09-09','A'),(987,37,48,'2023-09-09','A'),(988,38,48,'2023-09-09','A'),(989,39,48,'2023-09-09','A'),(990,40,48,'2023-09-09','A'),(991,31,48,'2023-09-09','A'),(992,32,48,'2023-09-09','A'),(993,33,48,'2023-09-09','A'),(994,34,48,'2023-09-09','A'),(995,35,48,'2023-09-09','A'),(996,36,48,'2023-09-09','A'),(997,37,48,'2023-09-09','A'),(998,38,48,'2023-09-09','A'),(999,39,48,'2023-09-09','A'),(1000,40,48,'2023-09-09','A'),(1001,1,1,'2023-12-09','j');
/*!40000 ALTER TABLE `asistencia` ENABLE KEYS */;
UNLOCK TABLES;

--
-- Table structure for table `carrera`
--

DROP TABLE IF EXISTS `carrera`;
/*!40101 SET @saved_cs_client     = @@character_set_client */;
/*!50503 SET character_set_client = utf8mb4 */;
CREATE TABLE `carrera` (
  `idCarrera` int NOT NULL AUTO_INCREMENT,
  `carrera` varchar(70) DEFAULT NULL,
  `especialidad` varchar(45) DEFAULT NULL,
  PRIMARY KEY (`idCarrera`)
) ENGINE=InnoDB AUTO_INCREMENT=5 DEFAULT CHARSET=utf8mb4 COLLATE=utf8mb4_0900_ai_ci;
/*!40101 SET character_set_client = @saved_cs_client */;

--
-- Dumping data for table `carrera`
--

LOCK TABLES `carrera` WRITE;
/*!40000 ALTER TABLE `carrera` DISABLE KEYS */;
INSERT INTO `carrera` VALUES (1,'Tecnologías de la información y comunicaciones','Desarrollo de software multiplataforma'),(2,'Tecnologías de la información y comunicaciones','Entornos virtuales y negocios digitales'),(3,'Procesos industriales','Plásticos'),(4,'Administración de empresas','Capital humano');
/*!40000 ALTER TABLE `carrera` ENABLE KEYS */;
UNLOCK TABLES;

--
-- Table structure for table `departamentoescolares`
--

DROP TABLE IF EXISTS `departamentoescolares`;
/*!40101 SET @saved_cs_client     = @@character_set_client */;
/*!50503 SET character_set_client = utf8mb4 */;
CREATE TABLE `departamentoescolares` (
  `idDepartamentoEscolares` int NOT NULL AUTO_INCREMENT,
  `idPersona` int DEFAULT NULL,
  PRIMARY KEY (`idDepartamentoEscolares`),
  KEY `idPersona` (`idPersona`),
  CONSTRAINT `departamentoescolares_ibfk_1` FOREIGN KEY (`idPersona`) REFERENCES `persona` (`idPersona`)
) ENGINE=InnoDB DEFAULT CHARSET=utf8mb4 COLLATE=utf8mb4_0900_ai_ci;
/*!40101 SET character_set_client = @saved_cs_client */;

--
-- Dumping data for table `departamentoescolares`
--

LOCK TABLES `departamentoescolares` WRITE;
/*!40000 ALTER TABLE `departamentoescolares` DISABLE KEYS */;
/*!40000 ALTER TABLE `departamentoescolares` ENABLE KEYS */;
UNLOCK TABLES;

--
-- Table structure for table `directivo`
--

DROP TABLE IF EXISTS `directivo`;
/*!40101 SET @saved_cs_client     = @@character_set_client */;
/*!50503 SET character_set_client = utf8mb4 */;
CREATE TABLE `directivo` (
  `idDirectivo` int NOT NULL AUTO_INCREMENT,
  `idPersona` int DEFAULT NULL,
  PRIMARY KEY (`idDirectivo`),
  KEY `idPersona` (`idPersona`),
  CONSTRAINT `directivo_ibfk_1` FOREIGN KEY (`idPersona`) REFERENCES `persona` (`idPersona`)
) ENGINE=InnoDB AUTO_INCREMENT=7 DEFAULT CHARSET=utf8mb4 COLLATE=utf8mb4_0900_ai_ci;
/*!40101 SET character_set_client = @saved_cs_client */;

--
-- Dumping data for table `directivo`
--

LOCK TABLES `directivo` WRITE;
/*!40000 ALTER TABLE `directivo` DISABLE KEYS */;
INSERT INTO `directivo` VALUES (1,40),(2,41),(3,42),(4,43),(5,44),(6,45);
/*!40000 ALTER TABLE `directivo` ENABLE KEYS */;
UNLOCK TABLES;

--
-- Table structure for table `grupo`
--

DROP TABLE IF EXISTS `grupo`;
/*!40101 SET @saved_cs_client     = @@character_set_client */;
/*!50503 SET character_set_client = utf8mb4 */;
CREATE TABLE `grupo` (
  `idGrupo` int NOT NULL AUTO_INCREMENT,
  `grado` varchar(45) DEFAULT NULL,
  `grupo` varchar(45) DEFAULT NULL,
  `idCarrera` int DEFAULT NULL,
  PRIMARY KEY (`idGrupo`),
  KEY `idCarrera` (`idCarrera`),
  CONSTRAINT `grupo_ibfk_1` FOREIGN KEY (`idCarrera`) REFERENCES `carrera` (`idCarrera`)
) ENGINE=InnoDB AUTO_INCREMENT=5 DEFAULT CHARSET=utf8mb4 COLLATE=utf8mb4_0900_ai_ci;
/*!40101 SET character_set_client = @saved_cs_client */;

--
-- Dumping data for table `grupo`
--

LOCK TABLES `grupo` WRITE;
/*!40000 ALTER TABLE `grupo` DISABLE KEYS */;
INSERT INTO `grupo` VALUES (1,'101','DSM',1),(2,'102','EVN',2),(3,'103','PIP',3),(4,'104','ANC',4);
/*!40000 ALTER TABLE `grupo` ENABLE KEYS */;
UNLOCK TABLES;

--
-- Table structure for table `horario`
--

DROP TABLE IF EXISTS `horario`;
/*!40101 SET @saved_cs_client     = @@character_set_client */;
/*!50503 SET character_set_client = utf8mb4 */;
CREATE TABLE `horario` (
  `idHorario` int NOT NULL AUTO_INCREMENT,
  `dia` varchar(15) DEFAULT NULL,
  `horaInicio` time DEFAULT NULL,
  `horaFin` time DEFAULT NULL,
  `periodo` varchar(45) DEFAULT NULL,
  `idMaestro` int DEFAULT NULL,
  `idGrupo` int DEFAULT NULL,
  `idMateria` int DEFAULT NULL,
  PRIMARY KEY (`idHorario`),
  KEY `idMaestro` (`idMaestro`),
  KEY `idGrupo` (`idGrupo`),
  KEY `fk_idMateria` (`idMateria`),
  CONSTRAINT `fk_idMateria` FOREIGN KEY (`idMateria`) REFERENCES `materia` (`idMateria`),
  CONSTRAINT `horario_ibfk_1` FOREIGN KEY (`idMaestro`) REFERENCES `maestro` (`idMaestro`),
  CONSTRAINT `horario_ibfk_2` FOREIGN KEY (`idGrupo`) REFERENCES `grupo` (`idGrupo`)
) ENGINE=InnoDB AUTO_INCREMENT=49 DEFAULT CHARSET=utf8mb4 COLLATE=utf8mb4_0900_ai_ci;
/*!40101 SET character_set_client = @saved_cs_client */;

--
-- Dumping data for table `horario`
--

LOCK TABLES `horario` WRITE;
/*!40000 ALTER TABLE `horario` DISABLE KEYS */;
INSERT INTO `horario` VALUES (1,'lunes','17:10:00','19:40:00','septiembre - diciembre',1,1,1),(2,'lunes','19:40:00','21:20:00','septiembre - diciembre',3,1,2),(3,'martes','17:10:00','18:50:00','septiembre - diciembre',5,1,4),(4,'martes','18:50:00','21:20:00','septiembre - diciembre',7,1,7),(5,'miercoles','17:10:00','18:00:00','septiembre - diciembre',8,1,8),(6,'miercoles','18:00:00','20:30:00','septiembre - diciembre',9,1,3),(7,'miercoles','20:30:00','21:20:00','septiembre - diciembre',7,1,7),(8,'jueves','17:10:00','19:40:00','septiembre - diciembre',5,1,4),(9,'jueves','19:40:00','20:30:00','septiembre - diciembre',7,1,7),(10,'jueves','20:30:00','21:20:00','septiembre - diciembre',8,1,8),(11,'viernes','17:10:00','18:50:00','septiembre - diciembre',3,1,2),(12,'viernes','18:50:00','21:20:00','septiembre - diciembre',1,1,1),(13,'lunes','17:10:00','19:40:00','septiembre - diciembre',2,3,1),(14,'lunes','19:40:00','21:20:00','septiembre - diciembre',4,3,2),(15,'martes','17:10:00','18:50:00','septiembre - diciembre',6,3,4),(16,'martes','18:50:00','21:20:00','septiembre - diciembre',10,3,6),(17,'miercoles','17:10:00','18:00:00','septiembre - diciembre',9,3,5),(18,'miercoles','18:00:00','20:30:00','septiembre - diciembre',5,3,3),(19,'miercoles','20:30:00','21:20:00','septiembre - diciembre',10,3,6),(20,'jueves','17:10:00','19:40:00','septiembre - diciembre',6,3,4),(21,'jueves','19:40:00','20:30:00','septiembre - diciembre',10,3,6),(22,'jueves','20:30:00','21:20:00','septiembre - diciembre',9,3,5),(23,'viernes','17:10:00','18:50:00','septiembre - diciembre',4,3,2),(24,'viernes','18:50:00','21:20:00','septiembre - diciembre',2,3,1),(25,'lunes','17:10:00','18:00:00','septiembre - diciembre',8,2,8),(26,'lunes','18:00:00','19:40:00','septiembre - diciembre',7,2,7),(27,'lunes','19:40:00','21:20:00','septiembre - diciembre',5,2,4),(28,'martes','17:10:00','18:50:00','septiembre - diciembre',3,2,2),(29,'martes','18:50:00','21:20:00','septiembre - diciembre',2,2,1),(30,'miercoles','17:10:00','18:00:00','septiembre - diciembre',5,2,4),(31,'miercoles','18:00:00','20:30:00','septiembre - diciembre',7,2,7),(32,'miercoles','20:30:00','21:20:00','septiembre - diciembre',8,2,8),(33,'jueves','17:10:00','18:50:00','septiembre - diciembre',3,2,2),(34,'jueves','18:50:00','21:20:00','septiembre - diciembre',2,2,1),(35,'viernes','17:10:00','19:40:00','septiembre - diciembre',9,2,3),(36,'viernes','19:40:00','21:20:00','septiembre - diciembre',5,2,4),(37,'lunes','17:10:00','18:00:00','septiembre - diciembre',11,4,9),(38,'lunes','18:00:00','19:40:00','septiembre - diciembre',12,4,7),(39,'lunes','19:40:00','21:20:00','septiembre - diciembre',6,4,4),(40,'martes','17:10:00','18:50:00','septiembre - diciembre',4,4,2),(41,'martes','18:50:00','21:20:00','septiembre - diciembre',1,4,1),(42,'miercoles','17:10:00','18:00:00','septiembre - diciembre',6,4,4),(43,'miercoles','18:00:00','20:30:00','septiembre - diciembre',12,4,7),(44,'miercoles','20:30:00','21:20:00','septiembre - diciembre',11,4,9),(45,'jueves','17:10:00','18:50:00','septiembre - diciembre',4,4,2),(46,'jueves','18:50:00','21:20:00','septiembre - diciembre',1,4,1),(47,'viernes','17:10:00','19:40:00','septiembre - diciembre',7,4,10),(48,'viernes','19:40:00','21:20:00','septiembre - diciembre',6,4,4);
/*!40000 ALTER TABLE `horario` ENABLE KEYS */;
UNLOCK TABLES;

--
-- Table structure for table `maestro`
--

DROP TABLE IF EXISTS `maestro`;
/*!40101 SET @saved_cs_client     = @@character_set_client */;
/*!50503 SET character_set_client = utf8mb4 */;
CREATE TABLE `maestro` (
  `idMaestro` int NOT NULL AUTO_INCREMENT,
  `idPersona` int DEFAULT NULL,
  PRIMARY KEY (`idMaestro`),
  KEY `idPersona` (`idPersona`),
  CONSTRAINT `maestro_ibfk_1` FOREIGN KEY (`idPersona`) REFERENCES `persona` (`idPersona`)
) ENGINE=InnoDB AUTO_INCREMENT=13 DEFAULT CHARSET=utf8mb4 COLLATE=utf8mb4_0900_ai_ci;
/*!40101 SET character_set_client = @saved_cs_client */;

--
-- Dumping data for table `maestro`
--

LOCK TABLES `maestro` WRITE;
/*!40000 ALTER TABLE `maestro` DISABLE KEYS */;
INSERT INTO `maestro` VALUES (1,46),(2,47),(3,48),(4,49),(5,50),(6,51),(7,52),(8,53),(9,54),(10,55),(11,98),(12,99);
/*!40000 ALTER TABLE `maestro` ENABLE KEYS */;
UNLOCK TABLES;

--
-- Table structure for table `materia`
--

DROP TABLE IF EXISTS `materia`;
/*!40101 SET @saved_cs_client     = @@character_set_client */;
/*!50503 SET character_set_client = utf8mb4 */;
CREATE TABLE `materia` (
  `idMateria` int NOT NULL AUTO_INCREMENT,
  `nombre` varchar(255) NOT NULL,
  PRIMARY KEY (`idMateria`)
) ENGINE=InnoDB AUTO_INCREMENT=11 DEFAULT CHARSET=utf8mb4 COLLATE=utf8mb4_0900_ai_ci;
/*!40101 SET character_set_client = @saved_cs_client */;

--
-- Dumping data for table `materia`
--

LOCK TABLES `materia` WRITE;
/*!40000 ALTER TABLE `materia` DISABLE KEYS */;
INSERT INTO `materia` VALUES (1,'Expresión oral y escrita I'),(2,'Inglés'),(3,'Algebra lineal'),(4,'Formación sociocultural I'),(5,'Quimica básica'),(6,'Metrología I'),(7,'Fundamentos de TI'),(8,'Fundamentos de redes'),(9,'Mercadotecnia'),(10,'Informática');
/*!40000 ALTER TABLE `materia` ENABLE KEYS */;
UNLOCK TABLES;

--
-- Table structure for table `padrefamilia`
--

DROP TABLE IF EXISTS `padrefamilia`;
/*!40101 SET @saved_cs_client     = @@character_set_client */;
/*!50503 SET character_set_client = utf8mb4 */;
CREATE TABLE `padrefamilia` (
  `idPadreFamilia` int NOT NULL AUTO_INCREMENT,
  `idPersona` int DEFAULT NULL,
  `idAlumno` int DEFAULT NULL,
  PRIMARY KEY (`idPadreFamilia`),
  KEY `idPersona` (`idPersona`),
  KEY `idAlumno` (`idAlumno`),
  CONSTRAINT `padrefamilia_ibfk_1` FOREIGN KEY (`idPersona`) REFERENCES `persona` (`idPersona`),
  CONSTRAINT `padrefamilia_ibfk_2` FOREIGN KEY (`idAlumno`) REFERENCES `alumno` (`idAlumno`)
) ENGINE=InnoDB AUTO_INCREMENT=82 DEFAULT CHARSET=utf8mb4 COLLATE=utf8mb4_0900_ai_ci;
/*!40101 SET character_set_client = @saved_cs_client */;

--
-- Dumping data for table `padrefamilia`
--

LOCK TABLES `padrefamilia` WRITE;
/*!40000 ALTER TABLE `padrefamilia` DISABLE KEYS */;
INSERT INTO `padrefamilia` VALUES (42,56,1),(43,57,2),(44,58,3),(45,59,4),(46,60,5),(47,61,6),(48,62,7),(49,63,8),(50,64,9),(51,65,10),(52,66,11),(53,67,12),(54,68,13),(55,69,14),(56,70,15),(57,71,16),(58,72,17),(59,73,18),(60,74,19),(61,75,20),(62,76,21),(63,77,22),(64,78,23),(65,79,24),(66,80,25),(67,81,26),(68,82,27),(69,83,28),(70,84,29),(71,85,30),(72,86,31),(73,87,32),(74,88,33),(75,89,34),(76,90,35),(77,91,36),(78,92,37),(79,93,38),(80,94,39),(81,95,40);
/*!40000 ALTER TABLE `padrefamilia` ENABLE KEYS */;
UNLOCK TABLES;

--
-- Table structure for table `persona`
--

DROP TABLE IF EXISTS `persona`;
/*!40101 SET @saved_cs_client     = @@character_set_client */;
/*!50503 SET character_set_client = utf8mb4 */;
CREATE TABLE `persona` (
  `idPersona` int NOT NULL AUTO_INCREMENT,
  `nombre` varchar(70) DEFAULT NULL,
  `primerApellido` varchar(45) DEFAULT NULL,
  `segundoApellido` varchar(45) DEFAULT NULL,
  `clave` varchar(45) DEFAULT NULL,
  `contrasenia` varchar(45) DEFAULT NULL,
  PRIMARY KEY (`idPersona`)
) ENGINE=InnoDB AUTO_INCREMENT=100 DEFAULT CHARSET=utf8mb4 COLLATE=utf8mb4_0900_ai_ci;
/*!40101 SET character_set_client = @saved_cs_client */;

--
-- Dumping data for table `persona`
--

LOCK TABLES `persona` WRITE;
/*!40000 ALTER TABLE `persona` DISABLE KEYS */;
INSERT INTO `persona` VALUES (1,'Juan','Pérez','Morales','AL230001','AL230001'),(2,'María','García','Santos','AL230002','AL230002'),(3,'Carlos','Rodríguez','Juárez','AL230003','AL230003'),(4,'Ana','López','Núñez','AL230004','AL230004'),(5,'Pedro','González','León','AL230005','AL230005'),(6,'Laura','Martínez','Cervantes','AL230006','AL230006'),(7,'Luis','Sánchez','Rangel','AL230007','AL230007'),(8,'Carmen','Ramírez','Soto','AL230008','AL230008'),(9,'Jorge','Gómez','Hernández','AL230009','AL230009'),(10,'Raquel','Torres','Cárdenas','AL230010','AL230010'),(11,'Sergio','Vargas','Ibarra','AL230011','AL230011'),(12,'Patricia','Jiménez','Delgado','AL230012','AL230012'),(13,'Miguel','Castro','Sánchez','AL230013','AL230013'),(14,'Isabel','Morales','Miranda','AL230014','AL230014'),(15,'Alejandro','Silva','Guzmán','AL230015','AL230015'),(16,'Marta','Ortega','Valencia','AL230016','AL230016'),(17,'Daniel','Méndez','Franco','AL230017','AL230017'),(18,'Carolina','Aguilar','Vargas','AL230018','AL230018'),(19,'Pablo','Delgado','Villarreal','AL230019','AL230019'),(20,'Sofía','Paredes','Cordero','AL230020','AL230020'),(21,'Oscar','Ríos','Gómez','AL230021','AL230021'),(22,'Gabriela','Mendoza','Castillo','AL230022','AL230022'),(23,'Eduardo','Castro','Huerta','AL230023','AL230023'),(24,'Andrea','Navarro','Díaz','AL230024','AL230024'),(25,'Fernando','Velasco','Guerra','AL230025','AL230025'),(26,'Paula','Rivas','Silva','AL230026','AL230026'),(27,'Alejandro','Peña','Cervantes','AL230027','AL230027'),(28,'Daniela','Cordero','Ríos','AL230028','AL230028'),(29,'Manuel','Contreras','Peña','AL230029','AL230029'),(30,'Teresa','Ponce','Cordero','AL230030','AL230030'),(31,'Raúl','Morales','Ibarra','AL230031','AL230031'),(32,'Beatriz','Santos','Delgado','AL230032','AL230032'),(33,'Mario','Juárez','Mendoza','AL230033','AL230033'),(34,'Rosario','Núñez','Navarro','AL230034','AL230034'),(35,'José','León','Velasco','AL230035','AL230035'),(36,'Ana María','Cervantes','Rivas','AL230036','AL230036'),(37,'Luis','Rangel','Peña','AL230037','AL230037'),(38,'Laura','Soto','Cordero','AL230038','AL230038'),(39,'Carlos','Hernández','Contrera','AL230039','AL230039'),(40,'Patricia','Cárdenas','Ponce','DI230040','DI230040'),(41,'Javier','Ibarra','Morales','DI230041','DI230041'),(42,'Fernanda','Delgado','Santos','DI230042','DI230042'),(43,'Eduardo','Sánchez','Juárez','DI230043','DI230043'),(44,'Mariana','Miranda','Núñez','DI230044','DI230044'),(45,'Alejandro','Guzmán','León','DI230045','DI230045'),(46,'Alejandra','Valencia','Cervantes','DC230046','DC230046'),(47,'Miguel','Franco','Rangel','DC230047','DC230047'),(48,'Gabriela','Vargas','Soto','DC230048','DC230048'),(49,'Manuel','Villarreal','Hernández','DC230049','DC230049'),(50,'Valeria','Cordero','Cárdenas','DC230050','DC230050'),(51,'Pablo','Gómez','Ibarra','DC230051','DC230051'),(52,'Fernanda','Castillo','Delgado','DC230052','DC230052'),(53,'Juan Carlos','Huerta','Sánchez','DC230053','DC230053'),(54,'Sofía','Díaz','Miranda','DC230054','DC230054'),(55,'Antonio','Guerra','Guzmán','DC230055','DC230055'),(56,'Andrea','Morales','Ibarra','TU230056','TU230056'),(57,'José Luis','García','Delgado','TU230057','TU230057'),(58,'María','Juárez','Sánchez','TU230058','TU230058'),(59,'Javier','López','Miranda','TU230059','TU230059'),(60,'Ana Karen','León','Guzmán','TU230060','TU230060'),(61,'Francisco','Martínez','Valencia','TU230061','TU230061'),(62,'Carolina','Rangel','Franco','TU230062','TU230062'),(63,'Luis','Ramírez','Vargas','TU230063','TU230063'),(64,'Daniela','Hernández','Villarreal','TU230064','TU230064'),(65,'Juan','Torres','Cordero','TU230065','TU230065'),(66,'Valentina','Ibarra','Gómez','TU230066','TU230066'),(67,'Eduardo','Jiménez','Castillo','TU230067','TU230067'),(68,'Mariana','Sánchez','Huerta','TU230068','TU230068'),(69,'Alejandro','Morales','Díaz','TU230069','TU230069'),(70,'Renata','Guzmán','Guerra','TU230070','TU230070'),(71,'Raúl','Ortega','Silva','TU230071','TU230071'),(72,'Jimena','Franco','Cervantes','TU230072','TU230072'),(73,'Mario','Aguilar','Ríos','TU230073','TU230073'),(74,'Gabriela','Villarreal','Peña','TU230074','TU230074'),(75,'José','Paredes','Cordero','TU230075','TU230075'),(76,'Ana Paula','Gómez','Ibarra','TU230076','TU230076'),(77,'Luis','Mendoza','Delgado','TU230077','TU230077'),(78,'Laura','Huerta','Mendoza','TU230078','TU230078'),(79,'Carlos','Navarro','Oliva','TU230079','TU230079'),(80,'Patricia','Guerra','Velasco','TU230080','TU230080'),(81,'Javier','Rivas','Navarro','TU230081','TU230081'),(82,'Fernanda','Cervantes','Peña','TU230082','TU230082'),(83,'Eduardo','Cordero','Borrego','TU230083','TU230083'),(84,'Mariana','Peña','Contreras','TU230084','TU230084'),(85,'Alejandro','Ponce','Mendoza','TU230085','TU230085'),(86,'Alejandra','Ibarra','Navarro','TU230086','TU230086'),(87,'Miguel','Santos','Velasco','TU230087','TU230087'),(88,'Gabriela','Mendoza','Rivas','TU230088','TU230088'),(89,'Manuel','Núñez','Peña','TU230089','TU230089'),(90,'Valeria','Velasco','Cordero','TU230090','TU230090'),(91,'Pablo','Cervantes','Contreras','TU230091','TU230091'),(92,'Fernanda','Peña','Ponce','TU230092','TU230092'),(93,'Juan Carlos','Soto','Morales','TU230093','TU230093'),(94,'Sofía','Contrera','Hernández','TU230094','TU230094'),(95,'Antonio','Guerra','Cárdenas','TU230095','TU230095'),(96,'Andrea','Peña','Ibarra','AL230096','AL230096'),(97,'José Luis','Peña','Cervantes','TU230097','TU230097'),(98,'Ismael','Garcia','Rangel','DC230099','DC230099'),(99,'Jorge Alberto','Cristiano','Ronaldo','DC230100','DC230100');
/*!40000 ALTER TABLE `persona` ENABLE KEYS */;
UNLOCK TABLES;

--
-- Temporary view structure for view `vistaalumno`
--

DROP TABLE IF EXISTS `vistaalumno`;
/*!50001 DROP VIEW IF EXISTS `vistaalumno`*/;
SET @saved_cs_client     = @@character_set_client;
/*!50503 SET character_set_client = utf8mb4 */;
/*!50001 CREATE VIEW `vistaalumno` AS SELECT 
 1 AS `idAlumno`,
 1 AS `idGrupo`,
 1 AS `idPersona`,
 1 AS `nombre`,
 1 AS `primerApellido`,
 1 AS `segundoApellido`,
 1 AS `clave`,
 1 AS `contrasenia`*/;
SET character_set_client = @saved_cs_client;

--
-- Temporary view structure for view `vistaalumnos`
--

DROP TABLE IF EXISTS `vistaalumnos`;
/*!50001 DROP VIEW IF EXISTS `vistaalumnos`*/;
SET @saved_cs_client     = @@character_set_client;
/*!50503 SET character_set_client = utf8mb4 */;
/*!50001 CREATE VIEW `vistaalumnos` AS SELECT 
 1 AS `idAlumno`,
 1 AS `nombre`,
 1 AS `primerApellido`,
 1 AS `segundoApellido`,
 1 AS `clave`,
 1 AS `contrasenia`,
 1 AS `idGrupo`,
 1 AS `grado`,
 1 AS `grupo`,
 1 AS `idCarrera`,
 1 AS `carrera`,
 1 AS `especialidad`*/;
SET character_set_client = @saved_cs_client;

--
-- Temporary view structure for view `vistaasistencia`
--

DROP TABLE IF EXISTS `vistaasistencia`;
/*!50001 DROP VIEW IF EXISTS `vistaasistencia`*/;
SET @saved_cs_client     = @@character_set_client;
/*!50503 SET character_set_client = utf8mb4 */;
/*!50001 CREATE VIEW `vistaasistencia` AS SELECT 
 1 AS `idAsistencia`,
 1 AS `fecha`,
 1 AS `estatus`,
 1 AS `idHorario`,
 1 AS `dia`,
 1 AS `horaInicio`,
 1 AS `horaFin`,
 1 AS `periodo`,
 1 AS `idMaestro`,
 1 AS `nombreMaestro`,
 1 AS `primerApellido`,
 1 AS `segundoApellido`,
 1 AS `idGrupo`,
 1 AS `grado`,
 1 AS `grupo`,
 1 AS `idcarrera`,
 1 AS `carrera`,
 1 AS `especialidad`,
 1 AS `idMateria`,
 1 AS `nombre`,
 1 AS `idAlumno`,
 1 AS `idPersona`,
 1 AS `nombreAlumno`,
 1 AS `primApeAlumno`,
 1 AS `seguApeAlumno`*/;
SET character_set_client = @saved_cs_client;

--
-- Temporary view structure for view `vistagrupos`
--

DROP TABLE IF EXISTS `vistagrupos`;
/*!50001 DROP VIEW IF EXISTS `vistagrupos`*/;
SET @saved_cs_client     = @@character_set_client;
/*!50503 SET character_set_client = utf8mb4 */;
/*!50001 CREATE VIEW `vistagrupos` AS SELECT 
 1 AS `idGrupo`,
 1 AS `grado`,
 1 AS `grupo`,
 1 AS `idCarrera`,
 1 AS `carrera`,
 1 AS `especialidad`*/;
SET character_set_client = @saved_cs_client;

--
-- Temporary view structure for view `vistahorario`
--

DROP TABLE IF EXISTS `vistahorario`;
/*!50001 DROP VIEW IF EXISTS `vistahorario`*/;
SET @saved_cs_client     = @@character_set_client;
/*!50503 SET character_set_client = utf8mb4 */;
/*!50001 CREATE VIEW `vistahorario` AS SELECT 
 1 AS `idHorario`,
 1 AS `dia`,
 1 AS `horaInicio`,
 1 AS `horaFin`,
 1 AS `periodo`,
 1 AS `idMaestro`,
 1 AS `nombreMaestro`,
 1 AS `primerApellido`,
 1 AS `segundoApellido`,
 1 AS `idGrupo`,
 1 AS `grado`,
 1 AS `grupo`,
 1 AS `idcarrera`,
 1 AS `carrera`,
 1 AS `especialidad`,
 1 AS `idMateria`,
 1 AS `nombre`*/;
SET character_set_client = @saved_cs_client;

--
-- Final view structure for view `vistaalumno`
--

/*!50001 DROP VIEW IF EXISTS `vistaalumno`*/;
/*!50001 SET @saved_cs_client          = @@character_set_client */;
/*!50001 SET @saved_cs_results         = @@character_set_results */;
/*!50001 SET @saved_col_connection     = @@collation_connection */;
/*!50001 SET character_set_client      = utf8mb4 */;
/*!50001 SET character_set_results     = utf8mb4 */;
/*!50001 SET collation_connection      = utf8mb4_0900_ai_ci */;
/*!50001 CREATE ALGORITHM=UNDEFINED */
/*!50013 DEFINER=`root`@`localhost` SQL SECURITY DEFINER */
/*!50001 VIEW `vistaalumno` AS select `a`.`idAlumno` AS `idAlumno`,`a`.`idGrupo` AS `idGrupo`,`p`.`idPersona` AS `idPersona`,`p`.`nombre` AS `nombre`,`p`.`primerApellido` AS `primerApellido`,`p`.`segundoApellido` AS `segundoApellido`,`p`.`clave` AS `clave`,`p`.`contrasenia` AS `contrasenia` from (`alumno` `a` join `persona` `p`) where (`a`.`idPersona` = `p`.`idPersona`) */;
/*!50001 SET character_set_client      = @saved_cs_client */;
/*!50001 SET character_set_results     = @saved_cs_results */;
/*!50001 SET collation_connection      = @saved_col_connection */;

--
-- Final view structure for view `vistaalumnos`
--

/*!50001 DROP VIEW IF EXISTS `vistaalumnos`*/;
/*!50001 SET @saved_cs_client          = @@character_set_client */;
/*!50001 SET @saved_cs_results         = @@character_set_results */;
/*!50001 SET @saved_col_connection     = @@collation_connection */;
/*!50001 SET character_set_client      = utf8mb4 */;
/*!50001 SET character_set_results     = utf8mb4 */;
/*!50001 SET collation_connection      = utf8mb4_0900_ai_ci */;
/*!50001 CREATE ALGORITHM=UNDEFINED */
/*!50013 DEFINER=`root`@`localhost` SQL SECURITY DEFINER */
/*!50001 VIEW `vistaalumnos` AS select `a`.`idAlumno` AS `idAlumno`,`a`.`nombre` AS `nombre`,`a`.`primerApellido` AS `primerApellido`,`a`.`segundoApellido` AS `segundoApellido`,`a`.`clave` AS `clave`,`a`.`contrasenia` AS `contrasenia`,`g`.`idGrupo` AS `idGrupo`,`g`.`grado` AS `grado`,`g`.`grupo` AS `grupo`,`g`.`idCarrera` AS `idCarrera`,`g`.`carrera` AS `carrera`,`g`.`especialidad` AS `especialidad` from (`vistaalumno` `a` join (select `g`.`idGrupo` AS `idGrupo`,`g`.`grado` AS `grado`,`g`.`grupo` AS `grupo`,`c`.`idCarrera` AS `idCarrera`,`c`.`carrera` AS `carrera`,`c`.`especialidad` AS `especialidad` from (`grupo` `g` join `carrera` `c`) where (`g`.`idCarrera` = `c`.`idCarrera`)) `g` on((`a`.`idGrupo` = `g`.`idGrupo`))) */;
/*!50001 SET character_set_client      = @saved_cs_client */;
/*!50001 SET character_set_results     = @saved_cs_results */;
/*!50001 SET collation_connection      = @saved_col_connection */;

--
-- Final view structure for view `vistaasistencia`
--

/*!50001 DROP VIEW IF EXISTS `vistaasistencia`*/;
/*!50001 SET @saved_cs_client          = @@character_set_client */;
/*!50001 SET @saved_cs_results         = @@character_set_results */;
/*!50001 SET @saved_col_connection     = @@collation_connection */;
/*!50001 SET character_set_client      = utf8mb4 */;
/*!50001 SET character_set_results     = utf8mb4 */;
/*!50001 SET collation_connection      = utf8mb4_0900_ai_ci */;
/*!50001 CREATE ALGORITHM=UNDEFINED */
/*!50013 DEFINER=`root`@`localhost` SQL SECURITY DEFINER */
/*!50001 VIEW `vistaasistencia` AS select `a`.`idAsistencia` AS `idAsistencia`,`a`.`fecha` AS `fecha`,`a`.`estatus` AS `estatus`,`h`.`idHorario` AS `idHorario`,`h`.`dia` AS `dia`,`h`.`horaInicio` AS `horaInicio`,`h`.`horaFin` AS `horaFin`,`h`.`periodo` AS `periodo`,`h`.`idMaestro` AS `idMaestro`,`h`.`nombreMaestro` AS `nombreMaestro`,`h`.`primerApellido` AS `primerApellido`,`h`.`segundoApellido` AS `segundoApellido`,`h`.`idGrupo` AS `idGrupo`,`h`.`grado` AS `grado`,`h`.`grupo` AS `grupo`,`h`.`idcarrera` AS `idcarrera`,`h`.`carrera` AS `carrera`,`h`.`especialidad` AS `especialidad`,`h`.`idMateria` AS `idMateria`,`h`.`nombre` AS `nombre`,`al`.`idAlumno` AS `idAlumno`,`al`.`idPersona` AS `idPersona`,`al`.`nombre` AS `nombreAlumno`,`al`.`primerApellido` AS `primApeAlumno`,`al`.`segundoApellido` AS `seguApeAlumno` from ((`asistencia` `a` join `vistahorario` `h` on((`a`.`idHorario` = `h`.`idHorario`))) join `vistaalumno` `al` on((`al`.`idAlumno` = `a`.`idAlumno`))) where (`a`.`idHorario` = `h`.`idHorario`) */;
/*!50001 SET character_set_client      = @saved_cs_client */;
/*!50001 SET character_set_results     = @saved_cs_results */;
/*!50001 SET collation_connection      = @saved_col_connection */;

--
-- Final view structure for view `vistagrupos`
--

/*!50001 DROP VIEW IF EXISTS `vistagrupos`*/;
/*!50001 SET @saved_cs_client          = @@character_set_client */;
/*!50001 SET @saved_cs_results         = @@character_set_results */;
/*!50001 SET @saved_col_connection     = @@collation_connection */;
/*!50001 SET character_set_client      = utf8mb4 */;
/*!50001 SET character_set_results     = utf8mb4 */;
/*!50001 SET collation_connection      = utf8mb4_0900_ai_ci */;
/*!50001 CREATE ALGORITHM=UNDEFINED */
/*!50013 DEFINER=`root`@`localhost` SQL SECURITY DEFINER */
/*!50001 VIEW `vistagrupos` AS select `g`.`idGrupo` AS `idGrupo`,`g`.`grado` AS `grado`,`g`.`grupo` AS `grupo`,`c`.`idCarrera` AS `idCarrera`,`c`.`carrera` AS `carrera`,`c`.`especialidad` AS `especialidad` from (`grupo` `g` join `carrera` `c`) where (`g`.`idCarrera` = `c`.`idCarrera`) */;
/*!50001 SET character_set_client      = @saved_cs_client */;
/*!50001 SET character_set_results     = @saved_cs_results */;
/*!50001 SET collation_connection      = @saved_col_connection */;

--
-- Final view structure for view `vistahorario`
--

/*!50001 DROP VIEW IF EXISTS `vistahorario`*/;
/*!50001 SET @saved_cs_client          = @@character_set_client */;
/*!50001 SET @saved_cs_results         = @@character_set_results */;
/*!50001 SET @saved_col_connection     = @@collation_connection */;
/*!50001 SET character_set_client      = utf8mb4 */;
/*!50001 SET character_set_results     = utf8mb4 */;
/*!50001 SET collation_connection      = utf8mb4_0900_ai_ci */;
/*!50001 CREATE ALGORITHM=UNDEFINED */
/*!50013 DEFINER=`root`@`localhost` SQL SECURITY DEFINER */
/*!50001 VIEW `vistahorario` AS select `h`.`idHorario` AS `idHorario`,`h`.`dia` AS `dia`,`h`.`horaInicio` AS `horaInicio`,`h`.`horaFin` AS `horaFin`,`h`.`periodo` AS `periodo`,`vm`.`idMaestro` AS `idMaestro`,`vm`.`nombreMaestro` AS `nombreMaestro`,`vm`.`primerApellido` AS `primerApellido`,`vm`.`segundoApellido` AS `segundoApellido`,`g`.`idGrupo` AS `idGrupo`,`g`.`grado` AS `grado`,`g`.`grupo` AS `grupo`,`g`.`idCarrera` AS `idcarrera`,`g`.`carrera` AS `carrera`,`g`.`especialidad` AS `especialidad`,`m`.`idMateria` AS `idMateria`,`m`.`nombre` AS `nombre` from (((`horario` `h` join (select `grupo`.`idGrupo` AS `idGrupo`,`grupo`.`grado` AS `grado`,`grupo`.`grupo` AS `grupo`,`carrera`.`idCarrera` AS `idCarrera`,`carrera`.`carrera` AS `carrera`,`carrera`.`especialidad` AS `especialidad` from (`grupo` join `carrera`) where (`grupo`.`idCarrera` = `carrera`.`idCarrera`)) `g` on((`g`.`idGrupo` = `h`.`idGrupo`))) join (select `d`.`idMaestro` AS `idMaestro`,`p`.`nombre` AS `nombreMaestro`,`p`.`primerApellido` AS `primerApellido`,`p`.`segundoApellido` AS `segundoApellido`,`p`.`clave` AS `clave`,`p`.`contrasenia` AS `contrasenia` from (`maestro` `d` join `persona` `p`) where (`d`.`idPersona` = `p`.`idPersona`)) `vm` on((`h`.`idMaestro` = `vm`.`idMaestro`))) join (select `materia`.`idMateria` AS `idMateria`,`materia`.`nombre` AS `nombre` from `materia`) `m` on((`h`.`idMateria` = `m`.`idMateria`))) */;
/*!50001 SET character_set_client      = @saved_cs_client */;
/*!50001 SET character_set_results     = @saved_cs_results */;
/*!50001 SET collation_connection      = @saved_col_connection */;
/*!40103 SET TIME_ZONE=@OLD_TIME_ZONE */;

/*!40101 SET SQL_MODE=@OLD_SQL_MODE */;
/*!40014 SET FOREIGN_KEY_CHECKS=@OLD_FOREIGN_KEY_CHECKS */;
/*!40014 SET UNIQUE_CHECKS=@OLD_UNIQUE_CHECKS */;
/*!40101 SET CHARACTER_SET_CLIENT=@OLD_CHARACTER_SET_CLIENT */;
/*!40101 SET CHARACTER_SET_RESULTS=@OLD_CHARACTER_SET_RESULTS */;
/*!40101 SET COLLATION_CONNECTION=@OLD_COLLATION_CONNECTION */;
/*!40111 SET SQL_NOTES=@OLD_SQL_NOTES */;

-- Dump completed on 2023-12-09  8:15:02
